,Anchor,Positive,Negative
0,Abhimanyu_36.jpg,Abhimanyu_93.jpg,Ajit_14.jpg
1,Abhimanyu_79.jpg,Abhimanyu_51.jpg,Ajit_34.jpg
2,Abhimanyu_98.jpg,Abhimanyu_96.jpg,Neha_8.jpg
3,Abhimanyu_92.jpg,Abhimanyu_73.jpg,yogesh_54.jpg
4,Abhimanyu_54.jpg,Abhimanyu_84.jpg,Abhimanyu_5.jpg
5,Abhimanyu_78.jpg,Abhimanyu_44.jpg,Neha_14.jpg
6,Abhimanyu_83.jpg,Abhimanyu_73.jpg,Yogeshwer_6.jpg
7,Abhimanyu_99.jpg,Abhimanyu_53.jpg,yogesh_89.jpg
8,Abhimanyu_6.jpg,Abhimanyu_81.jpg,Abhimanyu_28.jpg
9,Abhimanyu_48.jpg,Abhimanyu_64.jpg,Sayan_16.jpg
10,Abhimanyu_87.jpg,Abhimanyu_47.jpg,Yogeshwer_94.jpg
11,Abhimanyu_77.jpg,Abhimanyu_88.jpg,yogesh_66.jpg
12,Abhimanyu_68.jpg,Abhimanyu_2.jpg,yogesh_63.jpg
13,Abhimanyu_80.jpg,Abhimanyu_77.jpg,Narendra_45.jpg
14,Abhimanyu_75.jpg,Abhimanyu_73.jpg,Sayan_79.jpg
15,Abhimanyu_53.jpg,Abhimanyu_13.jpg,Ajit_12.jpg
16,Abhimanyu_47.jpg,Abhimanyu_4.jpg,Ajit_59.jpg
17,Abhimanyu_84.jpg,Abhimanyu_8.jpg,Narendra_89.jpg
18,Abhimanyu_94.jpg,Abhimanyu_51.jpg,Abhimanyu_54.jpg
19,Abhimanyu_15.jpg,Abhimanyu_53.jpg,Abhimanyu_81.jpg
20,Abhimanyu_32.jpg,Abhimanyu_1.jpg,Sayan_90.jpg
21,Abhimanyu_90.jpg,Abhimanyu_87.jpg,Alok_99.jpg
22,Abhimanyu_109.jpg,Abhimanyu_39.jpg,Yogeshwer_0.jpg
23,Abhimanyu_67.jpg,Abhimanyu_44.jpg,Sayan_92.jpg
24,Abhimanyu_4.jpg,Abhimanyu_46.jpg,yogesh_48.jpg
25,Abhimanyu_58.jpg,Abhimanyu_61.jpg,Neha_11.jpg
26,Abhimanyu_60.jpg,Abhimanyu_78.jpg,Alok_32.jpg
27,Abhimanyu_16.jpg,Abhimanyu_79.jpg,Abhimanyu_90.jpg
28,Abhimanyu_50.jpg,Abhimanyu_57.jpg,Yogeshwer_19.jpg
29,Abhimanyu_40.jpg,Abhimanyu_26.jpg,Narendra_105.jpg
30,Abhimanyu_103.jpg,Abhimanyu_24.jpg,Dhriti_37.jpg
31,Abhimanyu_61.jpg,Abhimanyu_84.jpg,Narendra_54.jpg
32,Abhimanyu_38.jpg,Abhimanyu_27.jpg,Alok_50.jpg
33,Abhimanyu_20.jpg,Abhimanyu_34.jpg,Abhimanyu_81.jpg
34,Abhimanyu_105.jpg,Abhimanyu_11.jpg,Dhriti_92.jpg
35,Abhimanyu_42.jpg,Abhimanyu_18.jpg,Narendra_103.jpg
36,Abhimanyu_21.jpg,Abhimanyu_64.jpg,Abhimanyu_48.jpg
37,Abhimanyu_8.jpg,Abhimanyu_49.jpg,Alok_92.jpg
38,Abhimanyu_5.jpg,Abhimanyu_94.jpg,Narendra_62.jpg
39,Abhimanyu_18.jpg,Abhimanyu_19.jpg,yogesh_29.jpg
40,Abhimanyu_81.jpg,Abhimanyu_81.jpg,Neha_99.jpg
41,Abhimanyu_3.jpg,Abhimanyu_35.jpg,Ajit_9.jpg
42,Abhimanyu_71.jpg,Abhimanyu_55.jpg,Neha_78.jpg
43,Abhimanyu_74.jpg,Abhimanyu_6.jpg,Alok_85.jpg
44,Abhimanyu_65.jpg,Abhimanyu_63.jpg,Narendra_29.jpg
45,Abhimanyu_89.jpg,Abhimanyu_6.jpg,Ajit_35.jpg
46,Abhimanyu_13.jpg,Abhimanyu_64.jpg,Dhriti_36.jpg
47,Abhimanyu_95.jpg,Abhimanyu_3.jpg,Dhriti_103.jpg
48,Abhimanyu_93.jpg,Abhimanyu_13.jpg,yogesh_80.jpg
49,Abhimanyu_100.jpg,Abhimanyu_100.jpg,Neha_88.jpg
50,Abhimanyu_102.jpg,Abhimanyu_44.jpg,Dhriti_42.jpg
51,Abhimanyu_85.jpg,Abhimanyu_43.jpg,Sayan_35.jpg
52,Abhimanyu_27.jpg,Abhimanyu_23.jpg,Sayan_83.jpg
53,Abhimanyu_28.jpg,Abhimanyu_9.jpg,Dhriti_82.jpg
54,Abhimanyu_39.jpg,Abhimanyu_39.jpg,Alok_43.jpg
55,Abhimanyu_108.jpg,Abhimanyu_26.jpg,Sayan_41.jpg
56,Abhimanyu_70.jpg,Abhimanyu_105.jpg,Dhriti_32.jpg
57,Abhimanyu_44.jpg,Abhimanyu_100.jpg,Yogeshwer_8.jpg
58,Abhimanyu_52.jpg,Abhimanyu_41.jpg,Sayan_65.jpg
59,Abhimanyu_51.jpg,Abhimanyu_41.jpg,Yogeshwer_5.jpg
60,Abhimanyu_11.jpg,Abhimanyu_86.jpg,Sayan_9.jpg
61,Abhimanyu_63.jpg,Abhimanyu_78.jpg,Narendra_91.jpg
62,Abhimanyu_34.jpg,Abhimanyu_13.jpg,Ajit_15.jpg
63,Abhimanyu_59.jpg,Abhimanyu_8.jpg,Alok_98.jpg
64,Abhimanyu_26.jpg,Abhimanyu_21.jpg,yogesh_35.jpg
65,Abhimanyu_33.jpg,Abhimanyu_108.jpg,Narendra_38.jpg
66,Abhimanyu_1.jpg,Abhimanyu_70.jpg,Yogeshwer_74.jpg
67,Abhimanyu_30.jpg,Abhimanyu_79.jpg,Neha_4.jpg
68,Abhimanyu_17.jpg,Abhimanyu_77.jpg,Alok_95.jpg
69,Abhimanyu_91.jpg,Abhimanyu_99.jpg,Sayan_7.jpg
70,Abhimanyu_35.jpg,Abhimanyu_15.jpg,Narendra_74.jpg
71,Abhimanyu_72.jpg,Abhimanyu_91.jpg,Alok_1.jpg
72,Abhimanyu_46.jpg,Abhimanyu_50.jpg,Yogeshwer_57.jpg
73,Abhimanyu_86.jpg,Abhimanyu_71.jpg,Ajit_87.jpg
74,Abhimanyu_25.jpg,Abhimanyu_99.jpg,Sayan_88.jpg
75,Abhimanyu_10.jpg,Abhimanyu_14.jpg,Abhimanyu_15.jpg
76,Abhimanyu_76.jpg,Abhimanyu_90.jpg,Yogeshwer_64.jpg
77,Abhimanyu_23.jpg,Abhimanyu_12.jpg,Yogeshwer_39.jpg
78,Abhimanyu_107.jpg,Abhimanyu_72.jpg,Sayan_26.jpg
79,Abhimanyu_55.jpg,Abhimanyu_63.jpg,yogesh_67.jpg
80,Abhimanyu_22.jpg,Abhimanyu_20.jpg,Alok_31.jpg
81,Abhimanyu_73.jpg,Abhimanyu_75.jpg,yogesh_71.jpg
82,Abhimanyu_31.jpg,Abhimanyu_65.jpg,Dhriti_69.jpg
83,Abhimanyu_9.jpg,Abhimanyu_2.jpg,Neha_12.jpg
84,Abhimanyu_97.jpg,Abhimanyu_55.jpg,Abhimanyu_40.jpg
85,Abhimanyu_62.jpg,Abhimanyu_1.jpg,Sayan_84.jpg
86,Abhimanyu_41.jpg,Abhimanyu_97.jpg,Yogesh_5.jpg
87,Abhimanyu_69.jpg,Abhimanyu_108.jpg,Alok_45.jpg
88,Abhimanyu_0.jpg,Abhimanyu_52.jpg,Dhriti_15.jpg
89,Abhimanyu_24.jpg,Abhimanyu_89.jpg,Dhriti_80.jpg
90,Abhimanyu_96.jpg,Abhimanyu_88.jpg,Alok_24.jpg
91,Abhimanyu_14.jpg,Abhimanyu_2.jpg,Alok_0.jpg
92,Abhimanyu_49.jpg,Abhimanyu_25.jpg,Alok_56.jpg
93,Abhimanyu_82.jpg,Abhimanyu_96.jpg,Dhriti_43.jpg
94,Abhimanyu_101.jpg,Abhimanyu_30.jpg,Narendra_84.jpg
95,Abhimanyu_29.jpg,Abhimanyu_73.jpg,Narendra_17.jpg
96,Abhimanyu_19.jpg,Abhimanyu_21.jpg,Yogeshwer_33.jpg
97,Abhimanyu_2.jpg,Abhimanyu_40.jpg,Ajit_92.jpg
98,Abhimanyu_43.jpg,Abhimanyu_81.jpg,Abhimanyu_37.jpg
99,Abhimanyu_57.jpg,Abhimanyu_58.jpg,Sayan_7.jpg
100,Abhimanyu_106.jpg,Abhimanyu_96.jpg,Yogeshwer_76.jpg
101,Abhimanyu_12.jpg,Abhimanyu_56.jpg,Abhimanyu_105.jpg
102,Abhimanyu_88.jpg,Abhimanyu_58.jpg,Ajit_103.jpg
103,Abhimanyu_66.jpg,Abhimanyu_0.jpg,Sayan_89.jpg
104,Abhimanyu_7.jpg,Abhimanyu_0.jpg,Neha_2.jpg
105,Abhimanyu_104.jpg,Abhimanyu_17.jpg,yogesh_90.jpg
106,Abhimanyu_45.jpg,Abhimanyu_45.jpg,Ajit_98.jpg
107,Abhimanyu_64.jpg,Abhimanyu_32.jpg,Dhriti_57.jpg
108,Abhimanyu_37.jpg,Abhimanyu_19.jpg,Abhimanyu_101.jpg
109,Abhimanyu_56.jpg,Abhimanyu_52.jpg,Ajit_94.jpg
110,Alok_68.jpg,Alok_37.jpg,Neha_75.jpg
111,Alok_86.jpg,Alok_34.jpg,yogesh_69.jpg
112,Alok_95.jpg,Alok_87.jpg,yogesh_38.jpg
113,Alok_61.jpg,Alok_24.jpg,Narendra_6.jpg
114,Alok_20.jpg,Alok_83.jpg,Dhriti_62.jpg
115,Alok_41.jpg,Alok_57.jpg,Alok_16.jpg
116,Alok_76.jpg,Alok_31.jpg,Alok_108.jpg
117,Alok_57.jpg,Alok_1.jpg,Dhriti_45.jpg
118,Alok_88.jpg,Alok_72.jpg,Neha_6.jpg
119,Alok_78.jpg,Alok_23.jpg,Sayan_69.jpg
120,Alok_27.jpg,Alok_84.jpg,Ajit_17.jpg
121,Alok_15.jpg,Alok_31.jpg,Dhriti_59.jpg
122,Alok_26.jpg,Alok_22.jpg,Dhriti_55.jpg
123,Alok_24.jpg,Alok_52.jpg,Narendra_6.jpg
124,Alok_102.jpg,Alok_37.jpg,Alok_68.jpg
125,Alok_66.jpg,Alok_108.jpg,Sayan_54.jpg
126,Alok_84.jpg,Alok_46.jpg,Yogeshwer_64.jpg
127,Alok_111.jpg,Alok_5.jpg,Alok_69.jpg
128,Alok_98.jpg,Alok_17.jpg,yogesh_39.jpg
129,Alok_25.jpg,Alok_38.jpg,Alok_57.jpg
130,Alok_3.jpg,Alok_50.jpg,Sayan_81.jpg
131,Alok_14.jpg,Alok_55.jpg,Abhimanyu_99.jpg
132,Alok_108.jpg,Alok_96.jpg,Abhimanyu_28.jpg
133,Alok_67.jpg,Alok_107.jpg,Narendra_48.jpg
134,Alok_56.jpg,Alok_16.jpg,Dhriti_86.jpg
135,Alok_103.jpg,Alok_43.jpg,Narendra_56.jpg
136,Alok_105.jpg,Alok_61.jpg,Narendra_105.jpg
137,Alok_104.jpg,Alok_95.jpg,Yogeshwer_33.jpg
138,Alok_70.jpg,Alok_79.jpg,Neha_98.jpg
139,Alok_58.jpg,Alok_76.jpg,Dhriti_45.jpg
140,Alok_18.jpg,Alok_16.jpg,Alok_10.jpg
141,Alok_47.jpg,Alok_67.jpg,Alok_19.jpg
142,Alok_9.jpg,Alok_38.jpg,Narendra_81.jpg
143,Alok_93.jpg,Alok_45.jpg,Yogeshwer_13.jpg
144,Alok_110.jpg,Alok_81.jpg,Abhimanyu_17.jpg
145,Alok_32.jpg,Alok_4.jpg,Ajit_94.jpg
146,Alok_53.jpg,Alok_76.jpg,Ajit_79.jpg
147,Alok_29.jpg,Alok_7.jpg,yogesh_40.jpg
148,Alok_40.jpg,Alok_38.jpg,Abhimanyu_35.jpg
149,Alok_43.jpg,Alok_106.jpg,Yogeshwer_93.jpg
150,Alok_80.jpg,Alok_89.jpg,Ajit_79.jpg
151,Alok_31.jpg,Alok_56.jpg,yogesh_34.jpg
152,Alok_109.jpg,Alok_50.jpg,Dhriti_100.jpg
153,Alok_1.jpg,Alok_109.jpg,Abhimanyu_47.jpg
154,Alok_28.jpg,Alok_49.jpg,Abhimanyu_73.jpg
155,Alok_106.jpg,Alok_31.jpg,Dhriti_52.jpg
156,Alok_60.jpg,Alok_24.jpg,Neha_15.jpg
157,Alok_44.jpg,Alok_84.jpg,Yogeshwer_51.jpg
158,Alok_85.jpg,Alok_42.jpg,Dhriti_40.jpg
159,Alok_89.jpg,Alok_101.jpg,Dhriti_27.jpg
160,Alok_112.jpg,Alok_107.jpg,Alok_72.jpg
161,Alok_36.jpg,Alok_84.jpg,Yogesh_3.jpg
162,Alok_4.jpg,Alok_77.jpg,Ajit_92.jpg
163,Alok_59.jpg,Alok_106.jpg,Neha_6.jpg
164,Alok_12.jpg,Alok_41.jpg,yogesh_72.jpg
165,Alok_74.jpg,Alok_61.jpg,Ajit_89.jpg
166,Alok_38.jpg,Alok_82.jpg,Dhriti_57.jpg
167,Alok_11.jpg,Alok_11.jpg,Yogeshwer_80.jpg
168,Alok_2.jpg,Alok_59.jpg,Dhriti_36.jpg
169,Alok_42.jpg,Alok_36.jpg,Yogeshwer_84.jpg
170,Alok_72.jpg,Alok_81.jpg,Abhimanyu_6.jpg
171,Alok_114.jpg,Alok_28.jpg,Alok_55.jpg
172,Alok_39.jpg,Alok_75.jpg,Neha_57.jpg
173,Alok_79.jpg,Alok_8.jpg,Ajit_64.jpg
174,Alok_7.jpg,Alok_95.jpg,Abhimanyu_0.jpg
175,Alok_45.jpg,Alok_64.jpg,Abhimanyu_20.jpg
176,Alok_101.jpg,Alok_5.jpg,Yogeshwer_74.jpg
177,Alok_82.jpg,Alok_72.jpg,Ajit_42.jpg
178,Alok_37.jpg,Alok_36.jpg,Dhriti_24.jpg
179,Alok_90.jpg,Alok_87.jpg,Ajit_9.jpg
180,Alok_10.jpg,Alok_97.jpg,yogesh_22.jpg
181,Alok_113.jpg,Alok_18.jpg,Narendra_97.jpg
182,Alok_50.jpg,Alok_43.jpg,Neha_42.jpg
183,Alok_97.jpg,Alok_70.jpg,Yogesh_15.jpg
184,Alok_81.jpg,Alok_68.jpg,Sayan_60.jpg
185,Alok_49.jpg,Alok_103.jpg,Yogeshwer_14.jpg
186,Alok_35.jpg,Alok_103.jpg,Dhriti_59.jpg
187,Alok_21.jpg,Alok_22.jpg,Neha_55.jpg
188,Alok_34.jpg,Alok_34.jpg,Yogeshwer_8.jpg
189,Alok_19.jpg,Alok_104.jpg,Dhriti_4.jpg
190,Alok_64.jpg,Alok_45.jpg,Dhriti_105.jpg
191,Alok_0.jpg,Alok_7.jpg,Ajit_85.jpg
192,Alok_107.jpg,Alok_25.jpg,Yogeshwer_60.jpg
193,Alok_51.jpg,Alok_1.jpg,Alok_64.jpg
194,Alok_23.jpg,Alok_53.jpg,Abhimanyu_22.jpg
195,Alok_55.jpg,Alok_45.jpg,Dhriti_101.jpg
196,Alok_91.jpg,Alok_0.jpg,Narendra_32.jpg
197,Alok_13.jpg,Alok_65.jpg,Dhriti_40.jpg
198,Alok_5.jpg,Alok_85.jpg,yogesh_60.jpg
199,Alok_62.jpg,Alok_12.jpg,yogesh_36.jpg
200,Alok_75.jpg,Alok_107.jpg,Abhimanyu_82.jpg
201,Alok_87.jpg,Alok_85.jpg,yogesh_87.jpg
202,Alok_48.jpg,Alok_79.jpg,Ajit_31.jpg
203,Alok_63.jpg,Alok_49.jpg,Abhimanyu_68.jpg
204,Alok_17.jpg,Alok_83.jpg,Sayan_64.jpg
205,Alok_99.jpg,Alok_27.jpg,Alok_95.jpg
206,Alok_16.jpg,Alok_9.jpg,Neha_85.jpg
207,Alok_52.jpg,Alok_28.jpg,Narendra_93.jpg
208,Alok_71.jpg,Alok_12.jpg,Ajit_49.jpg
209,Alok_77.jpg,Alok_110.jpg,Yogesh_16.jpg
210,Alok_69.jpg,Alok_87.jpg,Alok_31.jpg
211,Alok_6.jpg,Alok_44.jpg,yogesh_91.jpg
212,Alok_65.jpg,Alok_104.jpg,Dhriti_87.jpg
213,Alok_92.jpg,Alok_50.jpg,Sayan_23.jpg
214,Alok_96.jpg,Alok_0.jpg,Ajit_78.jpg
215,Alok_8.jpg,Alok_62.jpg,Ajit_100.jpg
216,Alok_30.jpg,Alok_2.jpg,Sayan_15.jpg
217,Alok_100.jpg,Alok_38.jpg,Sayan_91.jpg
218,Alok_83.jpg,Alok_100.jpg,Ajit_61.jpg
219,Alok_46.jpg,Alok_2.jpg,Abhimanyu_23.jpg
220,Alok_33.jpg,Alok_26.jpg,Yogeshwer_61.jpg
221,Alok_54.jpg,Alok_16.jpg,Dhriti_11.jpg
222,Alok_73.jpg,Alok_13.jpg,Sayan_17.jpg
223,Alok_94.jpg,Alok_107.jpg,Sayan_51.jpg
224,Alok_22.jpg,Alok_98.jpg,Dhriti_33.jpg
225,Dhriti_19.jpg,Dhriti_75.jpg,Dhriti_19.jpg
226,Dhriti_107.jpg,Dhriti_24.jpg,Ajit_54.jpg
227,Dhriti_17.jpg,Dhriti_41.jpg,Alok_69.jpg
228,Dhriti_61.jpg,Dhriti_92.jpg,Yogeshwer_97.jpg
229,Dhriti_28.jpg,Dhriti_93.jpg,Yogeshwer_66.jpg
230,Dhriti_59.jpg,Dhriti_39.jpg,Abhimanyu_85.jpg
231,Dhriti_84.jpg,Dhriti_52.jpg,Abhimanyu_55.jpg
232,Dhriti_47.jpg,Dhriti_103.jpg,Neha_19.jpg
233,Dhriti_20.jpg,Dhriti_4.jpg,Yogeshwer_87.jpg
234,Dhriti_58.jpg,Dhriti_99.jpg,Alok_47.jpg
235,Dhriti_40.jpg,Dhriti_52.jpg,yogesh_94.jpg
236,Dhriti_64.jpg,Dhriti_69.jpg,Yogesh_12.jpg
237,Dhriti_23.jpg,Dhriti_64.jpg,Sayan_52.jpg
238,Dhriti_24.jpg,Dhriti_58.jpg,Abhimanyu_25.jpg
239,Dhriti_41.jpg,Dhriti_98.jpg,Narendra_32.jpg
240,Dhriti_27.jpg,Dhriti_86.jpg,yogesh_90.jpg
241,Dhriti_1.jpg,Dhriti_54.jpg,Yogesh_6.jpg
242,Dhriti_33.jpg,Dhriti_59.jpg,Narendra_69.jpg
243,Dhriti_14.jpg,Dhriti_84.jpg,Yogesh_11.jpg
244,Dhriti_82.jpg,Dhriti_8.jpg,Yogesh_18.jpg
245,Dhriti_8.jpg,Dhriti_8.jpg,Neha_5.jpg
246,Dhriti_9.jpg,Dhriti_42.jpg,Narendra_16.jpg
247,Dhriti_22.jpg,Dhriti_39.jpg,Ajit_77.jpg
248,Dhriti_21.jpg,Dhriti_48.jpg,yogesh_55.jpg
249,Dhriti_15.jpg,Dhriti_61.jpg,Abhimanyu_75.jpg
250,Dhriti_91.jpg,Dhriti_60.jpg,Ajit_87.jpg
251,Dhriti_39.jpg,Dhriti_33.jpg,Yogesh_16.jpg
252,Dhriti_36.jpg,Dhriti_87.jpg,Sayan_34.jpg
253,Dhriti_99.jpg,Dhriti_40.jpg,Dhriti_30.jpg
254,Dhriti_50.jpg,Dhriti_74.jpg,Sayan_5.jpg
255,Dhriti_105.jpg,Dhriti_1.jpg,Narendra_66.jpg
256,Dhriti_18.jpg,Dhriti_54.jpg,Abhimanyu_98.jpg
257,Dhriti_98.jpg,Dhriti_8.jpg,Narendra_61.jpg
258,Dhriti_35.jpg,Dhriti_57.jpg,yogesh_87.jpg
259,Dhriti_89.jpg,Dhriti_2.jpg,Dhriti_5.jpg
260,Dhriti_56.jpg,Dhriti_6.jpg,yogesh_65.jpg
261,Dhriti_87.jpg,Dhriti_102.jpg,Narendra_67.jpg
262,Dhriti_6.jpg,Dhriti_34.jpg,yogesh_64.jpg
263,Dhriti_7.jpg,Dhriti_28.jpg,Sayan_83.jpg
264,Dhriti_95.jpg,Dhriti_22.jpg,Narendra_96.jpg
265,Dhriti_70.jpg,Dhriti_7.jpg,Sayan_20.jpg
266,Dhriti_74.jpg,Dhriti_71.jpg,Sayan_62.jpg
267,Dhriti_2.jpg,Dhriti_32.jpg,Ajit_90.jpg
268,Dhriti_29.jpg,Dhriti_34.jpg,Sayan_13.jpg
269,Dhriti_26.jpg,Dhriti_26.jpg,Neha_82.jpg
270,Dhriti_73.jpg,Dhriti_50.jpg,Alok_17.jpg
271,Dhriti_5.jpg,Dhriti_14.jpg,Dhriti_67.jpg
272,Dhriti_101.jpg,Dhriti_51.jpg,Alok_81.jpg
273,Dhriti_65.jpg,Dhriti_1.jpg,Alok_20.jpg
274,Dhriti_97.jpg,Dhriti_6.jpg,Abhimanyu_16.jpg
275,Dhriti_4.jpg,Dhriti_68.jpg,Neha_75.jpg
276,Dhriti_88.jpg,Dhriti_28.jpg,Neha_1.jpg
277,Dhriti_53.jpg,Dhriti_12.jpg,Narendra_102.jpg
278,Dhriti_55.jpg,Dhriti_45.jpg,Sayan_8.jpg
279,Dhriti_30.jpg,Dhriti_33.jpg,Dhriti_38.jpg
280,Dhriti_43.jpg,Dhriti_50.jpg,Dhriti_105.jpg
281,Dhriti_103.jpg,Dhriti_26.jpg,Yogeshwer_45.jpg
282,Dhriti_10.jpg,Dhriti_41.jpg,Abhimanyu_65.jpg
283,Dhriti_54.jpg,Dhriti_50.jpg,Yogeshwer_15.jpg
284,Dhriti_85.jpg,Dhriti_45.jpg,Ajit_56.jpg
285,Dhriti_93.jpg,Dhriti_27.jpg,Dhriti_31.jpg
286,Dhriti_32.jpg,Dhriti_100.jpg,Sayan_6.jpg
287,Dhriti_48.jpg,Dhriti_99.jpg,Abhimanyu_26.jpg
288,Dhriti_38.jpg,Dhriti_38.jpg,Sayan_7.jpg
289,Dhriti_44.jpg,Dhriti_7.jpg,Narendra_12.jpg
290,Dhriti_90.jpg,Dhriti_84.jpg,Narendra_8.jpg
291,Dhriti_75.jpg,Dhriti_81.jpg,Dhriti_39.jpg
292,Dhriti_78.jpg,Dhriti_94.jpg,Alok_71.jpg
293,Dhriti_81.jpg,Dhriti_65.jpg,Sayan_42.jpg
294,Dhriti_11.jpg,Dhriti_76.jpg,Yogesh_3.jpg
295,Dhriti_79.jpg,Dhriti_52.jpg,Abhimanyu_23.jpg
296,Dhriti_45.jpg,Dhriti_83.jpg,Neha_86.jpg
297,Dhriti_94.jpg,Dhriti_52.jpg,Ajit_60.jpg
298,Dhriti_80.jpg,Dhriti_78.jpg,Dhriti_6.jpg
299,Dhriti_104.jpg,Dhriti_106.jpg,Ajit_23.jpg
300,Dhriti_68.jpg,Dhriti_77.jpg,Neha_65.jpg
301,Dhriti_92.jpg,Dhriti_71.jpg,Abhimanyu_13.jpg
302,Dhriti_106.jpg,Dhriti_107.jpg,Ajit_18.jpg
303,Dhriti_62.jpg,Dhriti_64.jpg,Sayan_71.jpg
304,Dhriti_31.jpg,Dhriti_101.jpg,Yogeshwer_1.jpg
305,Dhriti_72.jpg,Dhriti_61.jpg,Alok_106.jpg
306,Dhriti_51.jpg,Dhriti_33.jpg,Ajit_23.jpg
307,Dhriti_63.jpg,Dhriti_82.jpg,Ajit_79.jpg
308,Dhriti_12.jpg,Dhriti_1.jpg,yogesh_83.jpg
309,Dhriti_83.jpg,Dhriti_44.jpg,Abhimanyu_55.jpg
310,Dhriti_71.jpg,Dhriti_88.jpg,Yogesh_3.jpg
311,Dhriti_66.jpg,Dhriti_33.jpg,Neha_94.jpg
312,Dhriti_3.jpg,Dhriti_8.jpg,Neha_20.jpg
313,Dhriti_42.jpg,Dhriti_49.jpg,Sayan_83.jpg
314,Dhriti_0.jpg,Dhriti_56.jpg,Narendra_74.jpg
315,Dhriti_25.jpg,Dhriti_35.jpg,Dhriti_65.jpg
316,Dhriti_52.jpg,Dhriti_104.jpg,Dhriti_65.jpg
317,Dhriti_86.jpg,Dhriti_9.jpg,Ajit_46.jpg
318,Dhriti_102.jpg,Dhriti_83.jpg,Ajit_36.jpg
319,Dhriti_37.jpg,Dhriti_31.jpg,Dhriti_60.jpg
320,Dhriti_69.jpg,Dhriti_32.jpg,Ajit_78.jpg
321,Dhriti_34.jpg,Dhriti_63.jpg,Yogeshwer_96.jpg
322,Dhriti_96.jpg,Dhriti_68.jpg,Dhriti_87.jpg
323,Dhriti_57.jpg,Dhriti_84.jpg,Yogeshwer_58.jpg
324,Dhriti_77.jpg,Dhriti_3.jpg,Narendra_101.jpg
325,Dhriti_100.jpg,Dhriti_90.jpg,Abhimanyu_109.jpg
326,Dhriti_16.jpg,Dhriti_9.jpg,Yogeshwer_94.jpg
327,Dhriti_67.jpg,Dhriti_94.jpg,Yogeshwer_17.jpg
328,Dhriti_13.jpg,Dhriti_106.jpg,yogesh_85.jpg
329,Dhriti_60.jpg,Dhriti_15.jpg,Ajit_51.jpg
330,Dhriti_49.jpg,Dhriti_94.jpg,Ajit_66.jpg
331,Dhriti_46.jpg,Dhriti_54.jpg,yogesh_27.jpg
332,Dhriti_76.jpg,Dhriti_104.jpg,Abhimanyu_49.jpg
333,Narendra_7.jpg,Narendra_85.jpg,Abhimanyu_4.jpg
334,Narendra_84.jpg,Narendra_69.jpg,yogesh_89.jpg
335,Narendra_75.jpg,Narendra_106.jpg,Sayan_66.jpg
336,Narendra_8.jpg,Narendra_47.jpg,Alok_58.jpg
337,Narendra_32.jpg,Narendra_39.jpg,Ajit_36.jpg
338,Narendra_37.jpg,Narendra_94.jpg,Yogeshwer_98.jpg
339,Narendra_19.jpg,Narendra_86.jpg,Neha_27.jpg
340,Narendra_87.jpg,Narendra_56.jpg,Alok_34.jpg
341,Narendra_2.jpg,Narendra_42.jpg,Alok_114.jpg
342,Narendra_96.jpg,Narendra_91.jpg,Sayan_7.jpg
343,Narendra_85.jpg,Narendra_14.jpg,Yogesh_16.jpg
344,Narendra_90.jpg,Narendra_78.jpg,Sayan_22.jpg
345,Narendra_100.jpg,Narendra_88.jpg,Sayan_28.jpg
346,Narendra_61.jpg,Narendra_26.jpg,Abhimanyu_91.jpg
347,Narendra_45.jpg,Narendra_60.jpg,Ajit_19.jpg
348,Narendra_39.jpg,Narendra_11.jpg,Yogeshwer_95.jpg
349,Narendra_36.jpg,Narendra_74.jpg,Ajit_52.jpg
350,Narendra_58.jpg,Narendra_92.jpg,Ajit_17.jpg
351,Narendra_22.jpg,Narendra_44.jpg,Narendra_49.jpg
352,Narendra_86.jpg,Narendra_96.jpg,Yogeshwer_3.jpg
353,Narendra_26.jpg,Narendra_57.jpg,Alok_32.jpg
354,Narendra_18.jpg,Narendra_18.jpg,Sayan_16.jpg
355,Narendra_48.jpg,Narendra_48.jpg,Neha_60.jpg
356,Narendra_23.jpg,Narendra_7.jpg,Yogeshwer_100.jpg
357,Narendra_77.jpg,Narendra_58.jpg,Alok_67.jpg
358,Narendra_9.jpg,Narendra_48.jpg,Narendra_65.jpg
359,Narendra_31.jpg,Narendra_43.jpg,Alok_113.jpg
360,Narendra_43.jpg,Narendra_21.jpg,Dhriti_11.jpg
361,Narendra_82.jpg,Narendra_23.jpg,Narendra_75.jpg
362,Narendra_89.jpg,Narendra_96.jpg,Neha_49.jpg
363,Narendra_44.jpg,Narendra_59.jpg,Abhimanyu_53.jpg
364,Narendra_50.jpg,Narendra_52.jpg,Ajit_61.jpg
365,Narendra_98.jpg,Narendra_103.jpg,Dhriti_87.jpg
366,Narendra_3.jpg,Narendra_96.jpg,Abhimanyu_6.jpg
367,Narendra_27.jpg,Narendra_33.jpg,Neha_39.jpg
368,Narendra_67.jpg,Narendra_33.jpg,Dhriti_102.jpg
369,Narendra_11.jpg,Narendra_95.jpg,Dhriti_46.jpg
370,Narendra_15.jpg,Narendra_67.jpg,Yogesh_12.jpg
371,Narendra_88.jpg,Narendra_101.jpg,Ajit_46.jpg
372,Narendra_1.jpg,Narendra_55.jpg,Dhriti_96.jpg
373,Narendra_70.jpg,Narendra_97.jpg,Narendra_27.jpg
374,Narendra_81.jpg,Narendra_76.jpg,Alok_70.jpg
375,Narendra_51.jpg,Narendra_82.jpg,Narendra_3.jpg
376,Narendra_79.jpg,Narendra_105.jpg,Dhriti_4.jpg
377,Narendra_62.jpg,Narendra_25.jpg,Abhimanyu_77.jpg
378,Narendra_64.jpg,Narendra_96.jpg,yogesh_76.jpg
379,Narendra_30.jpg,Narendra_87.jpg,Dhriti_32.jpg
380,Narendra_54.jpg,Narendra_70.jpg,Yogesh_5.jpg
381,Narendra_106.jpg,Narendra_14.jpg,yogesh_47.jpg
382,Narendra_80.jpg,Narendra_96.jpg,Narendra_42.jpg
383,Narendra_83.jpg,Narendra_70.jpg,Yogeshwer_15.jpg
384,Narendra_71.jpg,Narendra_42.jpg,Yogesh_8.jpg
385,Narendra_5.jpg,Narendra_34.jpg,Ajit_29.jpg
386,Narendra_68.jpg,Narendra_38.jpg,Ajit_27.jpg
387,Narendra_107.jpg,Narendra_97.jpg,Sayan_58.jpg
388,Narendra_60.jpg,Narendra_25.jpg,Yogeshwer_95.jpg
389,Narendra_28.jpg,Narendra_60.jpg,Neha_11.jpg
390,Narendra_73.jpg,Narendra_104.jpg,Yogeshwer_98.jpg
391,Narendra_0.jpg,Narendra_57.jpg,Abhimanyu_97.jpg
392,Narendra_49.jpg,Narendra_96.jpg,Dhriti_97.jpg
393,Narendra_34.jpg,Narendra_2.jpg,Sayan_25.jpg
394,Narendra_46.jpg,Narendra_38.jpg,Narendra_102.jpg
395,Narendra_35.jpg,Narendra_64.jpg,Yogeshwer_27.jpg
396,Narendra_94.jpg,Narendra_24.jpg,Ajit_14.jpg
397,Narendra_29.jpg,Narendra_59.jpg,Abhimanyu_84.jpg
398,Narendra_99.jpg,Narendra_61.jpg,Yogeshwer_55.jpg
399,Narendra_17.jpg,Narendra_75.jpg,Yogeshwer_94.jpg
400,Narendra_103.jpg,Narendra_83.jpg,Ajit_20.jpg
401,Narendra_14.jpg,Narendra_1.jpg,Abhimanyu_93.jpg
402,Narendra_56.jpg,Narendra_68.jpg,Ajit_38.jpg
403,Narendra_41.jpg,Narendra_61.jpg,Alok_96.jpg
404,Narendra_102.jpg,Narendra_63.jpg,Alok_114.jpg
405,Narendra_42.jpg,Narendra_86.jpg,Yogeshwer_14.jpg
406,Narendra_20.jpg,Narendra_9.jpg,Neha_45.jpg
407,Narendra_91.jpg,Narendra_14.jpg,Ajit_103.jpg
408,Narendra_13.jpg,Narendra_104.jpg,Ajit_55.jpg
409,Narendra_38.jpg,Narendra_29.jpg,Alok_89.jpg
410,Narendra_105.jpg,Narendra_10.jpg,Sayan_17.jpg
411,Narendra_4.jpg,Narendra_56.jpg,Alok_24.jpg
412,Narendra_104.jpg,Narendra_104.jpg,Dhriti_88.jpg
413,Narendra_69.jpg,Narendra_85.jpg,Sayan_23.jpg
414,Narendra_12.jpg,Narendra_49.jpg,Abhimanyu_108.jpg
415,Narendra_53.jpg,Narendra_47.jpg,Yogeshwer_45.jpg
416,Narendra_21.jpg,Narendra_24.jpg,Sayan_85.jpg
417,Narendra_74.jpg,Narendra_69.jpg,Neha_14.jpg
418,Narendra_59.jpg,Narendra_71.jpg,Ajit_33.jpg
419,Narendra_101.jpg,Narendra_14.jpg,Neha_45.jpg
420,Narendra_63.jpg,Narendra_56.jpg,Alok_103.jpg
421,Narendra_95.jpg,Narendra_47.jpg,Dhriti_0.jpg
422,Narendra_47.jpg,Narendra_106.jpg,Dhriti_58.jpg
423,Narendra_65.jpg,Narendra_24.jpg,Narendra_79.jpg
424,Narendra_16.jpg,Narendra_51.jpg,Abhimanyu_53.jpg
425,Narendra_78.jpg,Narendra_4.jpg,Alok_93.jpg
426,Narendra_33.jpg,Narendra_82.jpg,Yogeshwer_36.jpg
427,Narendra_97.jpg,Narendra_30.jpg,Ajit_46.jpg
428,Narendra_6.jpg,Narendra_75.jpg,Dhriti_37.jpg
429,Narendra_92.jpg,Narendra_21.jpg,Dhriti_51.jpg
430,Narendra_10.jpg,Narendra_79.jpg,Abhimanyu_78.jpg
431,Narendra_25.jpg,Narendra_50.jpg,Narendra_94.jpg
432,Narendra_24.jpg,Narendra_22.jpg,Neha_94.jpg
433,Narendra_66.jpg,Narendra_17.jpg,Neha_89.jpg
434,Narendra_55.jpg,Narendra_76.jpg,yogesh_70.jpg
435,Narendra_76.jpg,Narendra_54.jpg,Alok_58.jpg
436,Narendra_52.jpg,Narendra_107.jpg,Ajit_86.jpg
437,Narendra_72.jpg,Narendra_53.jpg,Sayan_20.jpg
438,Narendra_40.jpg,Narendra_17.jpg,yogesh_63.jpg
439,Narendra_93.jpg,Narendra_14.jpg,Yogeshwer_6.jpg
440,Narendra_57.jpg,Narendra_73.jpg,Ajit_49.jpg
441,Sayan_47.jpg,Sayan_28.jpg,Ajit_94.jpg
442,Sayan_84.jpg,Sayan_62.jpg,Dhriti_90.jpg
443,Sayan_7.jpg,Sayan_71.jpg,Alok_1.jpg
444,Sayan_15.jpg,Sayan_66.jpg,yogesh_54.jpg
445,Sayan_37.jpg,Sayan_64.jpg,Neha_51.jpg
446,Sayan_43.jpg,Sayan_82.jpg,Yogeshwer_26.jpg
447,Sayan_39.jpg,Sayan_7.jpg,Ajit_83.jpg
448,Sayan_73.jpg,Sayan_87.jpg,Narendra_49.jpg
449,Sayan_88.jpg,Sayan_62.jpg,Sayan_30.jpg
450,Sayan_46.jpg,Sayan_79.jpg,Neha_69.jpg
451,Sayan_35.jpg,Sayan_52.jpg,Ajit_53.jpg
452,Sayan_48.jpg,Sayan_39.jpg,Narendra_98.jpg
453,Sayan_27.jpg,Sayan_27.jpg,Alok_64.jpg
454,Sayan_52.jpg,Sayan_71.jpg,Abhimanyu_38.jpg
455,Sayan_75.jpg,Sayan_33.jpg,yogesh_79.jpg
456,Sayan_30.jpg,Sayan_83.jpg,Ajit_4.jpg
457,Sayan_56.jpg,Sayan_88.jpg,Dhriti_61.jpg
458,Sayan_78.jpg,Sayan_19.jpg,Dhriti_21.jpg
459,Sayan_42.jpg,Sayan_10.jpg,Ajit_46.jpg
460,Sayan_12.jpg,Sayan_72.jpg,Ajit_88.jpg
461,Sayan_87.jpg,Sayan_9.jpg,Dhriti_89.jpg
462,Sayan_94.jpg,Sayan_14.jpg,Ajit_14.jpg
463,Sayan_8.jpg,Sayan_41.jpg,Neha_99.jpg
464,Sayan_11.jpg,Sayan_91.jpg,yogesh_76.jpg
465,Sayan_85.jpg,Sayan_17.jpg,Narendra_20.jpg
466,Sayan_24.jpg,Sayan_41.jpg,Yogesh_8.jpg
467,Sayan_28.jpg,Sayan_77.jpg,Sayan_90.jpg
468,Sayan_10.jpg,Sayan_45.jpg,Yogesh_4.jpg
469,Sayan_79.jpg,Sayan_50.jpg,Sayan_10.jpg
470,Sayan_0.jpg,Sayan_80.jpg,Ajit_23.jpg
471,Sayan_23.jpg,Sayan_42.jpg,Yogeshwer_61.jpg
472,Sayan_9.jpg,Sayan_20.jpg,Sayan_60.jpg
473,Sayan_51.jpg,Sayan_18.jpg,Ajit_85.jpg
474,Sayan_1.jpg,Sayan_24.jpg,Sayan_83.jpg
475,Sayan_16.jpg,Sayan_46.jpg,Neha_78.jpg
476,Sayan_81.jpg,Sayan_90.jpg,Dhriti_14.jpg
477,Sayan_71.jpg,Sayan_41.jpg,Alok_112.jpg
478,Sayan_36.jpg,Sayan_64.jpg,Dhriti_73.jpg
479,Sayan_34.jpg,Sayan_16.jpg,Dhriti_91.jpg
480,Sayan_41.jpg,Sayan_60.jpg,Narendra_74.jpg
481,Sayan_70.jpg,Sayan_91.jpg,Ajit_28.jpg
482,Sayan_91.jpg,Sayan_42.jpg,Narendra_66.jpg
483,Sayan_86.jpg,Sayan_61.jpg,Yogeshwer_27.jpg
484,Sayan_82.jpg,Sayan_56.jpg,Neha_51.jpg
485,Sayan_44.jpg,Sayan_45.jpg,Ajit_28.jpg
486,Sayan_57.jpg,Sayan_73.jpg,yogesh_83.jpg
487,Sayan_80.jpg,Sayan_46.jpg,Neha_49.jpg
488,Sayan_89.jpg,Sayan_58.jpg,Abhimanyu_77.jpg
489,Sayan_14.jpg,Sayan_7.jpg,Abhimanyu_59.jpg
490,Sayan_53.jpg,Sayan_12.jpg,Neha_55.jpg
491,Sayan_26.jpg,Sayan_51.jpg,Ajit_86.jpg
492,Sayan_33.jpg,Sayan_70.jpg,Dhriti_80.jpg
493,Sayan_4.jpg,Sayan_12.jpg,Abhimanyu_70.jpg
494,Sayan_6.jpg,Sayan_0.jpg,Neha_82.jpg
495,Sayan_76.jpg,Sayan_86.jpg,Yogeshwer_27.jpg
496,Sayan_20.jpg,Sayan_26.jpg,Sayan_50.jpg
497,Sayan_66.jpg,Sayan_79.jpg,Yogeshwer_7.jpg
498,Sayan_38.jpg,Sayan_41.jpg,Narendra_52.jpg
499,Sayan_63.jpg,Sayan_38.jpg,Abhimanyu_73.jpg
500,Sayan_3.jpg,Sayan_50.jpg,Sayan_10.jpg
501,Sayan_77.jpg,Sayan_47.jpg,yogesh_66.jpg
502,Sayan_62.jpg,Sayan_73.jpg,Dhriti_80.jpg
503,Sayan_64.jpg,Sayan_75.jpg,Ajit_43.jpg
504,Sayan_2.jpg,Sayan_70.jpg,Sayan_83.jpg
505,Sayan_90.jpg,Sayan_56.jpg,yogesh_82.jpg
506,Sayan_32.jpg,Sayan_65.jpg,Yogeshwer_0.jpg
507,Sayan_29.jpg,Sayan_45.jpg,Ajit_94.jpg
508,Sayan_92.jpg,Sayan_62.jpg,Neha_55.jpg
509,Sayan_74.jpg,Sayan_18.jpg,Dhriti_53.jpg
510,Sayan_68.jpg,Sayan_19.jpg,yogesh_26.jpg
511,Sayan_59.jpg,Sayan_12.jpg,Neha_35.jpg
512,Sayan_19.jpg,Sayan_91.jpg,Neha_50.jpg
513,Sayan_45.jpg,Sayan_48.jpg,Sayan_41.jpg
514,Sayan_5.jpg,Sayan_15.jpg,Ajit_102.jpg
515,Sayan_72.jpg,Sayan_81.jpg,Ajit_26.jpg
516,Sayan_93.jpg,Sayan_8.jpg,Yogeshwer_50.jpg
517,Sayan_25.jpg,Sayan_43.jpg,Narendra_103.jpg
518,Sayan_55.jpg,Sayan_26.jpg,Dhriti_8.jpg
519,Sayan_40.jpg,Sayan_32.jpg,Alok_105.jpg
520,Sayan_67.jpg,Sayan_48.jpg,yogesh_47.jpg
521,Sayan_83.jpg,Sayan_71.jpg,Abhimanyu_13.jpg
522,Sayan_65.jpg,Sayan_13.jpg,Yogeshwer_72.jpg
523,Sayan_69.jpg,Sayan_80.jpg,Ajit_103.jpg
524,Sayan_61.jpg,Sayan_42.jpg,Yogeshwer_81.jpg
525,Sayan_22.jpg,Sayan_39.jpg,Alok_9.jpg
526,Sayan_18.jpg,Sayan_56.jpg,Narendra_56.jpg
527,Sayan_17.jpg,Sayan_2.jpg,Yogeshwer_55.jpg
528,Sayan_60.jpg,Sayan_29.jpg,Ajit_7.jpg
529,Sayan_31.jpg,Sayan_87.jpg,Neha_50.jpg
530,Sayan_49.jpg,Sayan_29.jpg,yogesh_71.jpg
531,Sayan_13.jpg,Sayan_54.jpg,Narendra_99.jpg
532,Sayan_21.jpg,Sayan_9.jpg,Neha_96.jpg
533,Sayan_58.jpg,Sayan_77.jpg,Abhimanyu_43.jpg
534,Sayan_54.jpg,Sayan_50.jpg,Abhimanyu_94.jpg
535,Sayan_50.jpg,Sayan_1.jpg,Yogeshwer_32.jpg
536,yogesh_55.jpg,yogesh_82.jpg,yogesh_69.jpg
537,yogesh_33.jpg,yogesh_75.jpg,Yogeshwer_12.jpg
538,yogesh_54.jpg,yogesh_88.jpg,yogesh_36.jpg
539,yogesh_34.jpg,yogesh_88.jpg,Alok_89.jpg
540,yogesh_74.jpg,yogesh_31.jpg,Yogesh_17.jpg
541,yogesh_51.jpg,yogesh_81.jpg,yogesh_95.jpg
542,yogesh_82.jpg,yogesh_55.jpg,Dhriti_77.jpg
543,yogesh_38.jpg,yogesh_54.jpg,Dhriti_99.jpg
544,yogesh_53.jpg,Yogesh_17.jpg,Abhimanyu_82.jpg
545,yogesh_30.jpg,Yogesh_16.jpg,Sayan_61.jpg
546,yogesh_72.jpg,yogesh_27.jpg,Alok_39.jpg
547,yogesh_91.jpg,yogesh_50.jpg,Neha_40.jpg
548,yogesh_85.jpg,yogesh_36.jpg,Narendra_97.jpg
549,yogesh_67.jpg,yogesh_93.jpg,Narendra_60.jpg
550,Yogesh_17.jpg,yogesh_88.jpg,yogesh_69.jpg
551,yogesh_62.jpg,yogesh_89.jpg,Ajit_96.jpg
552,yogesh_66.jpg,yogesh_47.jpg,Sayan_58.jpg
553,Yogesh_7.jpg,yogesh_41.jpg,Narendra_10.jpg
554,yogesh_46.jpg,Yogesh_15.jpg,Alok_26.jpg
555,Yogesh_20.jpg,yogesh_74.jpg,Narendra_91.jpg
556,yogesh_79.jpg,yogesh_32.jpg,Alok_61.jpg
557,yogesh_65.jpg,yogesh_76.jpg,Dhriti_15.jpg
558,yogesh_73.jpg,yogesh_64.jpg,yogesh_51.jpg
559,yogesh_64.jpg,yogesh_76.jpg,Neha_29.jpg
560,yogesh_70.jpg,Yogesh_9.jpg,Ajit_63.jpg
561,Yogesh_18.jpg,yogesh_41.jpg,Alok_3.jpg
562,Yogesh_8.jpg,yogesh_70.jpg,Alok_70.jpg
563,yogesh_75.jpg,yogesh_85.jpg,Sayan_75.jpg
564,yogesh_57.jpg,yogesh_48.jpg,Alok_56.jpg
565,yogesh_83.jpg,yogesh_46.jpg,Abhimanyu_105.jpg
566,yogesh_29.jpg,Yogesh_18.jpg,Ajit_62.jpg
567,yogesh_76.jpg,yogesh_74.jpg,Narendra_9.jpg
568,yogesh_96.jpg,yogesh_57.jpg,Yogeshwer_34.jpg
569,yogesh_84.jpg,yogesh_26.jpg,Neha_54.jpg
570,Yogesh_9.jpg,Yogesh_8.jpg,Abhimanyu_71.jpg
571,yogesh_43.jpg,yogesh_45.jpg,Sayan_86.jpg
572,yogesh_71.jpg,Yogesh_12.jpg,Dhriti_61.jpg
573,yogesh_36.jpg,yogesh_71.jpg,Neha_94.jpg
574,yogesh_23.jpg,yogesh_76.jpg,Dhriti_4.jpg
575,Yogesh_10.jpg,yogesh_82.jpg,yogesh_23.jpg
576,Yogesh_6.jpg,Yogesh_10.jpg,Dhriti_63.jpg
577,yogesh_27.jpg,yogesh_23.jpg,Neha_42.jpg
578,yogesh_44.jpg,yogesh_62.jpg,Yogeshwer_33.jpg
579,Yogesh_11.jpg,Yogesh_15.jpg,Ajit_17.jpg
580,yogesh_35.jpg,Yogesh_18.jpg,Alok_32.jpg
581,yogesh_45.jpg,yogesh_64.jpg,Dhriti_68.jpg
582,yogesh_49.jpg,Yogesh_16.jpg,Narendra_44.jpg
583,yogesh_42.jpg,yogesh_32.jpg,Dhriti_95.jpg
584,yogesh_92.jpg,yogesh_42.jpg,Abhimanyu_66.jpg
585,yogesh_81.jpg,yogesh_60.jpg,Alok_1.jpg
586,Yogesh_21.jpg,yogesh_38.jpg,Alok_1.jpg
587,yogesh_89.jpg,yogesh_28.jpg,Dhriti_19.jpg
588,yogesh_56.jpg,yogesh_57.jpg,Alok_100.jpg
589,yogesh_37.jpg,yogesh_97.jpg,Neha_36.jpg
590,yogesh_87.jpg,yogesh_59.jpg,Yogeshwer_13.jpg
591,yogesh_61.jpg,yogesh_95.jpg,yogesh_85.jpg
592,yogesh_22.jpg,yogesh_29.jpg,yogesh_71.jpg
593,yogesh_41.jpg,yogesh_33.jpg,Alok_50.jpg
594,Yogesh_4.jpg,yogesh_80.jpg,Ajit_6.jpg
595,yogesh_24.jpg,Yogesh_17.jpg,Narendra_86.jpg
596,Yogesh_12.jpg,Yogesh_8.jpg,Narendra_59.jpg
597,yogesh_93.jpg,yogesh_34.jpg,yogesh_93.jpg
598,yogesh_88.jpg,yogesh_89.jpg,Alok_81.jpg
599,Yogesh_19.jpg,yogesh_24.jpg,Neha_62.jpg
600,Yogesh_13.jpg,yogesh_73.jpg,yogesh_55.jpg
601,yogesh_60.jpg,yogesh_96.jpg,Ajit_49.jpg
602,yogesh_25.jpg,yogesh_23.jpg,Sayan_59.jpg
603,yogesh_77.jpg,yogesh_48.jpg,Abhimanyu_87.jpg
604,yogesh_59.jpg,yogesh_23.jpg,yogesh_60.jpg
605,yogesh_68.jpg,yogesh_49.jpg,Sayan_53.jpg
606,Yogesh_16.jpg,yogesh_49.jpg,yogesh_58.jpg
607,yogesh_39.jpg,yogesh_68.jpg,Alok_105.jpg
608,yogesh_58.jpg,Yogesh_7.jpg,Sayan_61.jpg
609,yogesh_48.jpg,Yogesh_14.jpg,Dhriti_82.jpg
610,yogesh_50.jpg,yogesh_62.jpg,Neha_92.jpg
611,yogesh_78.jpg,yogesh_89.jpg,Alok_66.jpg
612,yogesh_86.jpg,yogesh_42.jpg,Ajit_82.jpg
613,yogesh_63.jpg,Yogesh_5.jpg,Dhriti_77.jpg
614,yogesh_97.jpg,yogesh_68.jpg,Sayan_42.jpg
615,yogesh_80.jpg,yogesh_39.jpg,Yogeshwer_71.jpg
616,Yogesh_5.jpg,yogesh_65.jpg,Alok_44.jpg
617,yogesh_40.jpg,Yogesh_19.jpg,Yogeshwer_1.jpg
618,yogesh_26.jpg,yogesh_26.jpg,Yogeshwer_69.jpg
619,yogesh_94.jpg,yogesh_29.jpg,Abhimanyu_39.jpg
620,yogesh_32.jpg,yogesh_47.jpg,Narendra_46.jpg
621,Yogesh_14.jpg,Yogesh_5.jpg,Dhriti_55.jpg
622,yogesh_47.jpg,yogesh_69.jpg,Yogeshwer_1.jpg
623,yogesh_52.jpg,yogesh_86.jpg,yogesh_55.jpg
624,yogesh_31.jpg,yogesh_81.jpg,Yogeshwer_41.jpg
625,yogesh_95.jpg,yogesh_47.jpg,Sayan_72.jpg
626,yogesh_69.jpg,Yogesh_15.jpg,Dhriti_68.jpg
627,yogesh_28.jpg,yogesh_95.jpg,Narendra_50.jpg
628,Yogesh_3.jpg,yogesh_37.jpg,Sayan_59.jpg
629,yogesh_90.jpg,yogesh_23.jpg,yogesh_65.jpg
630,Yogesh_15.jpg,yogesh_82.jpg,yogesh_59.jpg
631,Ajit_22.jpg,Ajit_85.jpg,Ajit_81.jpg
632,Ajit_90.jpg,Ajit_49.jpg,Sayan_43.jpg
633,Ajit_92.jpg,Ajit_33.jpg,Yogeshwer_86.jpg
634,Ajit_39.jpg,Ajit_44.jpg,Alok_57.jpg
635,Ajit_96.jpg,Ajit_65.jpg,Ajit_98.jpg
636,Ajit_99.jpg,Ajit_98.jpg,Neha_48.jpg
637,Ajit_75.jpg,Ajit_68.jpg,Yogeshwer_5.jpg
638,Ajit_35.jpg,Ajit_37.jpg,Yogeshwer_15.jpg
639,Ajit_21.jpg,Ajit_42.jpg,Ajit_64.jpg
640,Ajit_74.jpg,Ajit_26.jpg,Alok_36.jpg
641,Ajit_76.jpg,Ajit_4.jpg,Sayan_15.jpg
642,Ajit_84.jpg,Ajit_96.jpg,Dhriti_84.jpg
643,Ajit_7.jpg,Ajit_102.jpg,Dhriti_101.jpg
644,Ajit_3.jpg,Ajit_22.jpg,Narendra_50.jpg
645,Ajit_63.jpg,Ajit_103.jpg,Sayan_77.jpg
646,Ajit_89.jpg,Ajit_102.jpg,Abhimanyu_45.jpg
647,Ajit_4.jpg,Ajit_70.jpg,Alok_42.jpg
648,Ajit_65.jpg,Ajit_11.jpg,Alok_63.jpg
649,Ajit_27.jpg,Ajit_56.jpg,Sayan_15.jpg
650,Ajit_61.jpg,Ajit_47.jpg,Ajit_33.jpg
651,Ajit_36.jpg,Ajit_0.jpg,Sayan_2.jpg
652,Ajit_57.jpg,Ajit_64.jpg,Neha_90.jpg
653,Ajit_16.jpg,Ajit_42.jpg,yogesh_40.jpg
654,Ajit_29.jpg,Ajit_84.jpg,Dhriti_58.jpg
655,Ajit_72.jpg,Ajit_103.jpg,Yogeshwer_53.jpg
656,Ajit_54.jpg,Ajit_36.jpg,Narendra_57.jpg
657,Ajit_58.jpg,Ajit_90.jpg,Alok_32.jpg
658,Ajit_55.jpg,Ajit_23.jpg,Alok_15.jpg
659,Ajit_30.jpg,Ajit_97.jpg,yogesh_70.jpg
660,Ajit_56.jpg,Ajit_14.jpg,Narendra_105.jpg
661,Ajit_48.jpg,Ajit_100.jpg,Sayan_85.jpg
662,Ajit_93.jpg,Ajit_91.jpg,Dhriti_97.jpg
663,Ajit_52.jpg,Ajit_41.jpg,Abhimanyu_47.jpg
664,Ajit_97.jpg,Ajit_70.jpg,Abhimanyu_54.jpg
665,Ajit_64.jpg,Ajit_4.jpg,Narendra_102.jpg
666,Ajit_26.jpg,Ajit_7.jpg,Yogeshwer_93.jpg
667,Ajit_18.jpg,Ajit_45.jpg,Neha_82.jpg
668,Ajit_94.jpg,Ajit_16.jpg,Ajit_96.jpg
669,Ajit_103.jpg,Ajit_56.jpg,Narendra_2.jpg
670,Ajit_77.jpg,Ajit_37.jpg,Sayan_63.jpg
671,Ajit_87.jpg,Ajit_72.jpg,Sayan_15.jpg
672,Ajit_59.jpg,Ajit_20.jpg,Ajit_48.jpg
673,Ajit_23.jpg,Ajit_55.jpg,Dhriti_18.jpg
674,Ajit_6.jpg,Ajit_41.jpg,Narendra_29.jpg
675,Ajit_19.jpg,Ajit_14.jpg,Sayan_43.jpg
676,Ajit_31.jpg,Ajit_48.jpg,Sayan_44.jpg
677,Ajit_78.jpg,Ajit_91.jpg,Ajit_26.jpg
678,Ajit_9.jpg,Ajit_70.jpg,Alok_18.jpg
679,Ajit_28.jpg,Ajit_4.jpg,Abhimanyu_104.jpg
680,Ajit_62.jpg,Ajit_67.jpg,Ajit_23.jpg
681,Ajit_85.jpg,Ajit_23.jpg,Sayan_37.jpg
682,Ajit_88.jpg,Ajit_103.jpg,yogesh_38.jpg
683,Ajit_37.jpg,Ajit_94.jpg,Alok_38.jpg
684,Ajit_80.jpg,Ajit_28.jpg,Neha_52.jpg
685,Ajit_66.jpg,Ajit_57.jpg,Narendra_76.jpg
686,Ajit_38.jpg,Ajit_93.jpg,yogesh_78.jpg
687,Ajit_82.jpg,Ajit_87.jpg,Yogeshwer_73.jpg
688,Ajit_40.jpg,Ajit_87.jpg,Sayan_72.jpg
689,Ajit_33.jpg,Ajit_74.jpg,yogesh_81.jpg
690,Ajit_5.jpg,Ajit_98.jpg,Abhimanyu_89.jpg
691,Ajit_101.jpg,Ajit_76.jpg,yogesh_57.jpg
692,Ajit_68.jpg,Ajit_60.jpg,Yogeshwer_19.jpg
693,Ajit_83.jpg,Ajit_10.jpg,Neha_67.jpg
694,Ajit_8.jpg,Ajit_37.jpg,Neha_55.jpg
695,Ajit_11.jpg,Ajit_78.jpg,Yogesh_19.jpg
696,Ajit_34.jpg,Ajit_38.jpg,yogesh_49.jpg
697,Ajit_69.jpg,Ajit_56.jpg,Alok_3.jpg
698,Ajit_41.jpg,Ajit_68.jpg,Yogesh_5.jpg
699,Ajit_71.jpg,Ajit_47.jpg,Alok_107.jpg
700,Ajit_81.jpg,Ajit_57.jpg,Sayan_6.jpg
701,Ajit_43.jpg,Ajit_38.jpg,Sayan_60.jpg
702,Ajit_86.jpg,Ajit_77.jpg,Sayan_43.jpg
703,Ajit_79.jpg,Ajit_54.jpg,Alok_29.jpg
704,Ajit_47.jpg,Ajit_47.jpg,Ajit_28.jpg
705,Ajit_53.jpg,Ajit_44.jpg,yogesh_87.jpg
706,Ajit_12.jpg,Ajit_6.jpg,Alok_59.jpg
707,Ajit_32.jpg,Ajit_19.jpg,Abhimanyu_57.jpg
708,Ajit_17.jpg,Ajit_65.jpg,Abhimanyu_51.jpg
709,Ajit_50.jpg,Ajit_50.jpg,Yogeshwer_3.jpg
710,Ajit_67.jpg,Ajit_61.jpg,Yogeshwer_79.jpg
711,Ajit_15.jpg,Ajit_72.jpg,Alok_75.jpg
712,Ajit_51.jpg,Ajit_34.jpg,Abhimanyu_45.jpg
713,Ajit_20.jpg,Ajit_49.jpg,Dhriti_102.jpg
714,Ajit_70.jpg,Ajit_14.jpg,Alok_50.jpg
715,Ajit_44.jpg,Ajit_43.jpg,Narendra_27.jpg
716,Ajit_100.jpg,Ajit_15.jpg,yogesh_38.jpg
717,Ajit_60.jpg,Ajit_1.jpg,Yogesh_8.jpg
718,Ajit_0.jpg,Ajit_59.jpg,Alok_0.jpg
719,Ajit_95.jpg,Ajit_54.jpg,Sayan_3.jpg
720,Ajit_98.jpg,Ajit_16.jpg,Narendra_1.jpg
721,Ajit_1.jpg,Ajit_16.jpg,Abhimanyu_42.jpg
722,Ajit_14.jpg,Ajit_4.jpg,Narendra_94.jpg
723,Ajit_49.jpg,Ajit_9.jpg,Dhriti_88.jpg
724,Ajit_46.jpg,Ajit_83.jpg,Alok_38.jpg
725,Ajit_73.jpg,Ajit_18.jpg,Dhriti_97.jpg
726,Ajit_102.jpg,Ajit_70.jpg,Yogeshwer_53.jpg
727,Ajit_42.jpg,Ajit_28.jpg,Sayan_91.jpg
728,Ajit_45.jpg,Ajit_6.jpg,Yogeshwer_21.jpg
729,Ajit_10.jpg,Ajit_27.jpg,Yogeshwer_32.jpg
730,Ajit_91.jpg,Ajit_18.jpg,Ajit_54.jpg
731,Neha_98.jpg,Neha_92.jpg,Narendra_45.jpg
732,Neha_71.jpg,Neha_19.jpg,Dhriti_24.jpg
733,Neha_58.jpg,Neha_16.jpg,Yogeshwer_26.jpg
734,Neha_11.jpg,Neha_6.jpg,Sayan_15.jpg
735,Neha_44.jpg,Neha_17.jpg,Narendra_68.jpg
736,Neha_49.jpg,Neha_98.jpg,Neha_88.jpg
737,Neha_30.jpg,Neha_86.jpg,Dhriti_24.jpg
738,Neha_57.jpg,Neha_4.jpg,yogesh_37.jpg
739,Neha_97.jpg,Neha_8.jpg,Sayan_73.jpg
740,Neha_60.jpg,Neha_35.jpg,Narendra_105.jpg
741,Neha_2.jpg,Neha_28.jpg,Abhimanyu_47.jpg
742,Neha_1.jpg,Neha_68.jpg,Sayan_32.jpg
743,Neha_29.jpg,Neha_23.jpg,Dhriti_14.jpg
744,Neha_48.jpg,Neha_93.jpg,Narendra_72.jpg
745,Neha_85.jpg,Neha_15.jpg,Neha_65.jpg
746,Neha_33.jpg,Neha_3.jpg,Alok_88.jpg
747,Neha_50.jpg,Neha_35.jpg,Dhriti_28.jpg
748,Neha_24.jpg,Neha_34.jpg,Yogeshwer_3.jpg
749,Neha_20.jpg,Neha_9.jpg,Abhimanyu_79.jpg
750,Neha_59.jpg,Neha_50.jpg,Dhriti_102.jpg
751,Neha_8.jpg,Neha_88.jpg,Neha_27.jpg
752,Neha_5.jpg,Neha_70.jpg,Narendra_51.jpg
753,Neha_73.jpg,Neha_20.jpg,Neha_12.jpg
754,Neha_12.jpg,Neha_60.jpg,Yogeshwer_62.jpg
755,Neha_90.jpg,Neha_7.jpg,Dhriti_60.jpg
756,Neha_41.jpg,Neha_25.jpg,Yogeshwer_6.jpg
757,Neha_79.jpg,Neha_58.jpg,yogesh_33.jpg
758,Neha_16.jpg,Neha_75.jpg,Alok_58.jpg
759,Neha_36.jpg,Neha_45.jpg,Narendra_12.jpg
760,Neha_42.jpg,Neha_67.jpg,Yogeshwer_81.jpg
761,Neha_75.jpg,Neha_15.jpg,Ajit_29.jpg
762,Neha_34.jpg,Neha_47.jpg,Dhriti_25.jpg
763,Neha_91.jpg,Neha_39.jpg,Abhimanyu_8.jpg
764,Neha_96.jpg,Neha_68.jpg,Neha_22.jpg
765,Neha_25.jpg,Neha_92.jpg,Narendra_96.jpg
766,Neha_100.jpg,Neha_20.jpg,Neha_68.jpg
767,Neha_31.jpg,Neha_56.jpg,Yogesh_5.jpg
768,Neha_43.jpg,Neha_25.jpg,Yogeshwer_67.jpg
769,Neha_93.jpg,Neha_90.jpg,yogesh_50.jpg
770,Neha_69.jpg,Neha_66.jpg,Narendra_48.jpg
771,Neha_4.jpg,Neha_62.jpg,yogesh_93.jpg
772,Neha_81.jpg,Neha_42.jpg,Sayan_20.jpg
773,Neha_74.jpg,Neha_13.jpg,Abhimanyu_59.jpg
774,Neha_0.jpg,Neha_0.jpg,Neha_46.jpg
775,Neha_39.jpg,Neha_36.jpg,Narendra_82.jpg
776,Neha_52.jpg,Neha_86.jpg,Yogesh_8.jpg
777,Neha_77.jpg,Neha_37.jpg,Narendra_70.jpg
778,Neha_35.jpg,Neha_13.jpg,Dhriti_100.jpg
779,Neha_61.jpg,Neha_63.jpg,Narendra_15.jpg
780,Neha_67.jpg,Neha_64.jpg,Narendra_22.jpg
781,Neha_64.jpg,Neha_5.jpg,Yogeshwer_34.jpg
782,Neha_62.jpg,Neha_2.jpg,Abhimanyu_7.jpg
783,Neha_66.jpg,Neha_31.jpg,Ajit_54.jpg
784,Neha_83.jpg,Neha_47.jpg,Narendra_49.jpg
785,Neha_7.jpg,Neha_39.jpg,yogesh_32.jpg
786,Neha_19.jpg,Neha_40.jpg,Narendra_26.jpg
787,Neha_84.jpg,Neha_75.jpg,Yogeshwer_65.jpg
788,Neha_63.jpg,Neha_41.jpg,Dhriti_11.jpg
789,Neha_32.jpg,Neha_32.jpg,Neha_22.jpg
790,Neha_13.jpg,Neha_0.jpg,Alok_97.jpg
791,Neha_82.jpg,Neha_44.jpg,yogesh_85.jpg
792,Neha_47.jpg,Neha_78.jpg,Dhriti_32.jpg
793,Neha_38.jpg,Neha_47.jpg,Abhimanyu_76.jpg
794,Neha_21.jpg,Neha_49.jpg,Neha_39.jpg
795,Neha_72.jpg,Neha_6.jpg,Neha_79.jpg
796,Neha_94.jpg,Neha_49.jpg,Alok_49.jpg
797,Neha_95.jpg,Neha_55.jpg,Narendra_102.jpg
798,Neha_65.jpg,Neha_38.jpg,Sayan_64.jpg
799,Neha_54.jpg,Neha_35.jpg,Dhriti_9.jpg
800,Neha_40.jpg,Neha_71.jpg,Narendra_6.jpg
801,Neha_28.jpg,Neha_84.jpg,Neha_70.jpg
802,Neha_45.jpg,Neha_9.jpg,Ajit_55.jpg
803,Neha_6.jpg,Neha_4.jpg,Ajit_73.jpg
804,Neha_55.jpg,Neha_80.jpg,Ajit_47.jpg
805,Neha_68.jpg,Neha_31.jpg,Yogesh_19.jpg
806,Neha_80.jpg,Neha_95.jpg,Alok_108.jpg
807,Neha_92.jpg,Neha_42.jpg,Alok_46.jpg
808,Neha_26.jpg,Neha_43.jpg,Narendra_65.jpg
809,Neha_15.jpg,Neha_73.jpg,Sayan_66.jpg
810,Neha_70.jpg,Neha_3.jpg,Sayan_24.jpg
811,Neha_17.jpg,Neha_40.jpg,Yogesh_17.jpg
812,Neha_86.jpg,Neha_20.jpg,Neha_20.jpg
813,Neha_22.jpg,Neha_85.jpg,Dhriti_107.jpg
814,Neha_14.jpg,Neha_38.jpg,Dhriti_106.jpg
815,Neha_18.jpg,Neha_54.jpg,Yogeshwer_55.jpg
816,Neha_87.jpg,Neha_8.jpg,Abhimanyu_64.jpg
817,Neha_56.jpg,Neha_38.jpg,yogesh_56.jpg
818,Neha_89.jpg,Neha_92.jpg,yogesh_94.jpg
819,Neha_3.jpg,Neha_54.jpg,Yogeshwer_34.jpg
820,Neha_46.jpg,Neha_68.jpg,Narendra_2.jpg
821,Neha_76.jpg,Neha_55.jpg,Ajit_39.jpg
822,Neha_51.jpg,Neha_72.jpg,Ajit_86.jpg
823,Neha_37.jpg,Neha_0.jpg,Yogeshwer_36.jpg
824,Neha_78.jpg,Neha_83.jpg,yogesh_77.jpg
825,Neha_53.jpg,Neha_23.jpg,yogesh_32.jpg
826,Neha_99.jpg,Neha_31.jpg,Ajit_81.jpg
827,Neha_88.jpg,Neha_58.jpg,Yogesh_12.jpg
828,Neha_23.jpg,Neha_20.jpg,Neha_40.jpg
829,Neha_27.jpg,Neha_9.jpg,Narendra_107.jpg
830,Neha_9.jpg,Neha_49.jpg,Narendra_55.jpg
831,Neha_10.jpg,Neha_5.jpg,Dhriti_92.jpg
832,Yogeshwer_79.jpg,Yogeshwer_75.jpg,Dhriti_20.jpg
833,Yogeshwer_81.jpg,Yogeshwer_87.jpg,Yogeshwer_15.jpg
834,Yogeshwer_49.jpg,Yogeshwer_52.jpg,Ajit_87.jpg
835,Yogeshwer_12.jpg,Yogeshwer_5.jpg,Neha_28.jpg
836,Yogeshwer_73.jpg,Yogeshwer_12.jpg,Neha_100.jpg
837,Yogeshwer_6.jpg,Yogeshwer_31.jpg,Yogeshwer_57.jpg
838,Yogeshwer_95.jpg,Yogeshwer_50.jpg,Ajit_66.jpg
839,Yogeshwer_78.jpg,Yogeshwer_55.jpg,Yogeshwer_91.jpg
840,Yogeshwer_29.jpg,Yogeshwer_38.jpg,yogesh_74.jpg
841,Yogeshwer_36.jpg,Yogeshwer_44.jpg,yogesh_32.jpg
842,Yogeshwer_33.jpg,Yogeshwer_81.jpg,Ajit_49.jpg
843,Yogeshwer_82.jpg,Yogeshwer_97.jpg,Yogeshwer_83.jpg
844,Yogeshwer_77.jpg,Yogeshwer_1.jpg,Sayan_36.jpg
845,Yogeshwer_92.jpg,Yogeshwer_62.jpg,Ajit_100.jpg
846,Yogeshwer_59.jpg,Yogeshwer_81.jpg,Sayan_92.jpg
847,Yogeshwer_31.jpg,Yogeshwer_51.jpg,Narendra_36.jpg
848,Yogeshwer_52.jpg,Yogeshwer_45.jpg,Yogeshwer_42.jpg
849,Yogeshwer_5.jpg,Yogeshwer_23.jpg,Dhriti_93.jpg
850,Yogeshwer_75.jpg,Yogeshwer_66.jpg,Ajit_81.jpg
851,Yogeshwer_93.jpg,Yogeshwer_60.jpg,Abhimanyu_87.jpg
852,Yogeshwer_18.jpg,Yogeshwer_0.jpg,Narendra_38.jpg
853,Yogeshwer_7.jpg,Yogeshwer_8.jpg,Narendra_73.jpg
854,Yogeshwer_80.jpg,Yogeshwer_30.jpg,Sayan_83.jpg
855,Yogeshwer_27.jpg,Yogeshwer_48.jpg,Dhriti_5.jpg
856,Yogeshwer_0.jpg,Yogeshwer_99.jpg,Dhriti_84.jpg
857,Yogeshwer_23.jpg,Yogeshwer_33.jpg,Yogeshwer_54.jpg
858,Yogeshwer_66.jpg,Yogeshwer_1.jpg,yogesh_78.jpg
859,Yogeshwer_85.jpg,Yogeshwer_93.jpg,Dhriti_71.jpg
860,Yogeshwer_88.jpg,Yogeshwer_14.jpg,Ajit_65.jpg
861,Yogeshwer_83.jpg,Yogeshwer_75.jpg,Narendra_91.jpg
862,Yogeshwer_69.jpg,Yogeshwer_66.jpg,Alok_72.jpg
863,Yogeshwer_39.jpg,Yogeshwer_25.jpg,Sayan_22.jpg
864,Yogeshwer_94.jpg,Yogeshwer_50.jpg,Dhriti_68.jpg
865,Yogeshwer_96.jpg,Yogeshwer_39.jpg,Alok_66.jpg
866,Yogeshwer_64.jpg,Yogeshwer_70.jpg,Ajit_21.jpg
867,Yogeshwer_100.jpg,Yogeshwer_63.jpg,Ajit_1.jpg
868,Yogeshwer_70.jpg,Yogeshwer_22.jpg,Neha_48.jpg
869,Yogeshwer_32.jpg,Yogeshwer_62.jpg,Sayan_36.jpg
870,Yogeshwer_99.jpg,Yogeshwer_65.jpg,Alok_33.jpg
871,Yogeshwer_4.jpg,Yogeshwer_57.jpg,Neha_4.jpg
872,Yogeshwer_22.jpg,Yogeshwer_25.jpg,Dhriti_35.jpg
873,Yogeshwer_8.jpg,Yogeshwer_82.jpg,Neha_87.jpg
874,Yogeshwer_54.jpg,Yogeshwer_89.jpg,Alok_17.jpg
875,Yogeshwer_45.jpg,Yogeshwer_39.jpg,Alok_84.jpg
876,Yogeshwer_62.jpg,Yogeshwer_1.jpg,Ajit_94.jpg
877,Yogeshwer_14.jpg,Yogeshwer_85.jpg,Alok_63.jpg
878,Yogeshwer_47.jpg,Yogeshwer_92.jpg,Dhriti_88.jpg
879,Yogeshwer_9.jpg,Yogeshwer_64.jpg,Dhriti_72.jpg
880,Yogeshwer_38.jpg,Yogeshwer_53.jpg,Sayan_72.jpg
881,Yogeshwer_24.jpg,Yogeshwer_56.jpg,Alok_93.jpg
882,Yogeshwer_16.jpg,Yogeshwer_55.jpg,Dhriti_90.jpg
883,Yogeshwer_53.jpg,Yogeshwer_57.jpg,Neha_45.jpg
884,Yogeshwer_28.jpg,Yogeshwer_93.jpg,Sayan_69.jpg
885,Yogeshwer_86.jpg,Yogeshwer_84.jpg,Dhriti_51.jpg
886,Yogeshwer_90.jpg,Yogeshwer_84.jpg,Neha_65.jpg
887,Yogeshwer_25.jpg,Yogeshwer_80.jpg,Ajit_97.jpg
888,Yogeshwer_10.jpg,Yogeshwer_97.jpg,Abhimanyu_69.jpg
889,Yogeshwer_57.jpg,Yogeshwer_92.jpg,yogesh_40.jpg
890,Yogeshwer_74.jpg,Yogeshwer_21.jpg,Dhriti_57.jpg
891,Yogeshwer_19.jpg,Yogeshwer_15.jpg,Yogeshwer_78.jpg
892,Yogeshwer_3.jpg,Yogeshwer_84.jpg,Alok_60.jpg
893,Yogeshwer_97.jpg,Yogeshwer_60.jpg,Narendra_102.jpg
894,Yogeshwer_98.jpg,Yogeshwer_30.jpg,Narendra_45.jpg
895,Yogeshwer_11.jpg,Yogeshwer_30.jpg,Alok_113.jpg
896,Yogeshwer_40.jpg,Yogeshwer_21.jpg,Yogeshwer_4.jpg
897,Yogeshwer_56.jpg,Yogeshwer_68.jpg,Narendra_53.jpg
898,Yogeshwer_17.jpg,Yogeshwer_70.jpg,Sayan_1.jpg
899,Yogeshwer_63.jpg,Yogeshwer_93.jpg,Abhimanyu_29.jpg
900,Yogeshwer_44.jpg,Yogeshwer_31.jpg,Abhimanyu_107.jpg
901,Yogeshwer_50.jpg,Yogeshwer_77.jpg,Neha_42.jpg
902,Yogeshwer_34.jpg,Yogeshwer_30.jpg,Ajit_90.jpg
903,Yogeshwer_41.jpg,Yogeshwer_2.jpg,yogesh_88.jpg
904,Yogeshwer_21.jpg,Yogeshwer_38.jpg,Abhimanyu_89.jpg
905,Yogeshwer_61.jpg,Yogeshwer_20.jpg,Narendra_77.jpg
906,Yogeshwer_35.jpg,Yogeshwer_86.jpg,Abhimanyu_9.jpg
907,Yogeshwer_1.jpg,Yogeshwer_40.jpg,Sayan_86.jpg
908,Yogeshwer_37.jpg,Yogeshwer_28.jpg,Abhimanyu_53.jpg
909,Yogeshwer_76.jpg,Yogeshwer_9.jpg,Narendra_71.jpg
910,Yogeshwer_58.jpg,Yogeshwer_54.jpg,Dhriti_66.jpg
911,Yogeshwer_91.jpg,Yogeshwer_37.jpg,Neha_67.jpg
912,Yogeshwer_67.jpg,Yogeshwer_77.jpg,Abhimanyu_3.jpg
913,Yogeshwer_42.jpg,Yogeshwer_91.jpg,Narendra_107.jpg
914,Yogeshwer_60.jpg,Yogeshwer_34.jpg,Narendra_43.jpg
915,Yogeshwer_71.jpg,Yogeshwer_61.jpg,Ajit_18.jpg
916,Yogeshwer_43.jpg,Yogeshwer_79.jpg,Neha_5.jpg
917,Yogeshwer_51.jpg,Yogeshwer_62.jpg,yogesh_60.jpg
918,Yogeshwer_48.jpg,Yogeshwer_50.jpg,Dhriti_44.jpg
919,Yogeshwer_46.jpg,Yogeshwer_2.jpg,Neha_51.jpg
920,Yogeshwer_84.jpg,Yogeshwer_100.jpg,Yogeshwer_35.jpg
921,Yogeshwer_15.jpg,Yogeshwer_75.jpg,yogesh_78.jpg
922,Yogeshwer_65.jpg,Yogeshwer_54.jpg,Abhimanyu_32.jpg
923,Yogeshwer_89.jpg,Yogeshwer_14.jpg,Narendra_81.jpg
924,Yogeshwer_30.jpg,Yogeshwer_11.jpg,Abhimanyu_58.jpg
925,Yogeshwer_72.jpg,Yogeshwer_53.jpg,Ajit_62.jpg
926,Yogeshwer_2.jpg,Yogeshwer_97.jpg,Sayan_90.jpg
927,Yogeshwer_87.jpg,Yogeshwer_93.jpg,Narendra_71.jpg
928,Yogeshwer_55.jpg,Yogeshwer_89.jpg,Neha_14.jpg
929,Yogeshwer_13.jpg,Yogeshwer_84.jpg,Yogeshwer_21.jpg
930,Yogeshwer_68.jpg,Yogeshwer_52.jpg,Alok_45.jpg
931,Yogeshwer_20.jpg,Yogeshwer_81.jpg,Neha_58.jpg
932,Yogeshwer_26.jpg,Yogeshwer_35.jpg,Abhimanyu_41.jpg
